{"branches": 88.88888888888889, "coverage": 97.73502524218857}