{"branches": 89.23444976076556, "coverage": 97.17220033764772}