{"branches": 90.08097165991903, "coverage": 97.98919190649742}