{"branches": 85.52437223042836, "coverage": 80.38413361169103}