{"branches": 89.16967509025271, "coverage": 97.76033248672363}