{"branches": 89.8989898989899, "coverage": 97.9370130582684}