{"branches": 88.66995073891626, "coverage": 97.0983109571243}