{"branches": 89.69072164948454, "coverage": 97.88804360168048}