{"branches": 90.08097165991903, "coverage": 97.99322714160292}