{"branches": 89.26940639269407, "coverage": 97.95065390319536}