{"branches": 89.63210702341136, "coverage": 97.84219001610306}