{"branches": 90.88098918083463, "coverage": 97.85254115962778}