{"branches": 89.15094339622641, "coverage": 97.49260459219609}