{"branches": 87.34177215189874, "coverage": 97.10835176050348}