{"branches": 89.53488372093024, "coverage": 97.84946236559139}