{"branches": 89.60000000000001, "coverage": 97.91841004184101}