{"branches": 87.5776397515528, "coverage": 96.71376930660533}