{"branches": 89.5330112721417, "coverage": 97.84843667196608}