{"branches": 90.41095890410958, "coverage": 97.98021013975313}