{"branches": 85.43833580980683, "coverage": 80.08488681757656}