{"branches": 90.47619047619048, "coverage": 97.90823991679186}