{"branches": 89.1826923076923, "coverage": 97.15981348028826}