{"branches": 89.36651583710407, "coverage": 97.95781270992879}