{"branches": 90.75500770416025, "coverage": 97.90324230336505}