{"branches": 89.86013986013987, "coverage": 97.81917310313494}