{"branches": 89.65517241379311, "coverage": 97.90367113201759}