{"branches": 89.76109215017065, "coverage": 97.9084673338581}