{"branches": 90.22900763358778, "coverage": 97.97794117647058}