{"branches": 89.0909090909091, "coverage": 97.94788713379235}