{"branches": 90.28831562974203, "coverage": 97.9816513761468}