{"branches": 89.62655601659752, "coverage": 97.88931788931788}