{"branches": 87.33333333333333, "coverage": 97.80509218612818}