{"branches": 87.27272727272727, "coverage": 97.07640122758843}