{"branches": 90.18518518518519, "coverage": 98.11431248535956}