{"branches": 89.89547038327527, "coverage": 97.82337603446322}