{"branches": 88.91509433962264, "coverage": 97.46276889134032}