{"branches": 90.0398406374502, "coverage": 97.92655508368723}