{"branches": 89.2018779342723, "coverage": 97.48303167420815}