{"branches": 90.47619047619048, "coverage": 97.98377752027811}