{"branches": 87.03703703703704, "coverage": 96.50747238466538}