{"branches": 90.88098918083463, "coverage": 97.9412065963331}