{"branches": 87.03703703703704, "coverage": 96.50520156046815}