{"branches": 90.78341013824884, "coverage": 97.9979570990807}