{"branches": 89.53488372093024, "coverage": 97.76506154178362}