{"branches": 89.83050847457628, "coverage": 97.91989378181013}