{"branches": 90.25875190258752, "coverage": 97.97608095676172}