{"branches": 90.36363636363637, "coverage": 98.12877731287773}