{"branches": 88.19095477386935, "coverage": 97.06565950029052}