{"branches": 89.56661316211878, "coverage": 97.84820860716557}