{"branches": 89.01869158878505, "coverage": 97.5973487986744}