{"branches": 89.60396039603961, "coverage": 97.82121115027235}