{"branches": 89.63815789473685, "coverage": 97.82747603833866}