{"branches": 89.16967509025271, "coverage": 97.75800300473824}