{"branches": 88.88888888888889, "coverage": 97.14082503556187}