{"branches": 89.8989898989899, "coverage": 97.94017749534348}