{"branches": 89.82142857142857, "coverage": 98.13246723117967}