{"branches": 87.42138364779875, "coverage": 97.19008264462809}