{"branches": 89.16967509025271, "coverage": 97.75955653077723}