{"branches": 90.25735294117648, "coverage": 97.9050925925926}