{"branches": 87.34177215189874, "coverage": 97.3921936253622}