{"branches": 90.08097165991903, "coverage": 97.99448483329155}