{"branches": 86.96969696969697, "coverage": 96.93449499838658}