{"branches": 88.86255924170617, "coverage": 97.43554391286364}