{"branches": 89.53488372093024, "coverage": 97.84853700516352}