{"branches": 89.76833976833977, "coverage": 98.06000722978672}