{"branches": 88.44221105527639, "coverage": 97.08145781907942}