{"branches": 90.08097165991903, "coverage": 97.9934788061199}