{"branches": 87.5776397515528, "coverage": 96.67264720274017}