{"branches": 90.36363636363637, "coverage": 98.1283422459893}