{"branches": 89.63210702341136, "coverage": 97.88838612368023}