{"branches": 86.96969696969697, "coverage": 96.51106444839283}