{"branches": 89.62264150943396, "coverage": 97.54798935126804}