{"branches": 88.44221105527639, "coverage": 97.07678883071553}