{"branches": 90.14336917562724, "coverage": 97.91594703511802}