{"branches": 89.86486486486487, "coverage": 97.91269217820671}