{"branches": 90.0749063670412, "coverage": 98.09286898839137}