{"branches": 87.5776397515528, "coverage": 96.53376729048007}