{"branches": 88.94009216589862, "coverage": 97.93954181916769}