{"branches": 88.66995073891626, "coverage": 97.09495591848533}