{"branches": 89.49919224555735, "coverage": 97.84729586426299}