{"branches": 89.01869158878505, "coverage": 97.59900648544225}