{"branches": 90.07220216606498, "coverage": 97.90727251705398}