{"branches": 89.8989898989899, "coverage": 97.93859649122807}