{"branches": 90.14869888475836, "coverage": 98.10944105213716}