{"branches": 90.07220216606498, "coverage": 97.90775632874812}