{"branches": 90.08097165991903, "coverage": 97.97852179406192}