{"branches": 89.84674329501917, "coverage": 98.07669334607574}