{"branches": 89.54041204437401, "coverage": 97.89153466904438}