{"branches": 85.52437223042836, "coverage": 80.2258469259724}