{"branches": 87.34177215189874, "coverage": 97.32538330494037}