{"branches": 89.66666666666666, "coverage": 97.89722132818368}