{"branches": 90.08097165991903, "coverage": 97.98488664987406}