{"branches": 89.62264150943396, "coverage": 97.52135555244364}