{"branches": 90.11194029850746, "coverage": 98.09332070108952}