{"branches": 89.76833976833977, "coverage": 98.05461575640406}