{"branches": 89.62264150943396, "coverage": 97.52239641657336}