{"branches": 89.62264150943396, "coverage": 97.54385964912281}