{"branches": 88.88888888888889, "coverage": 97.93618465716224}