{"branches": 86.96969696969697, "coverage": 96.89210950080516}