{"branches": 89.66666666666666, "coverage": 97.90239726027397}