{"branches": 89.68609865470853, "coverage": 97.9058126468485}