{"branches": 89.23444976076556, "coverage": 97.16542095614159}