{"branches": 89.83050847457628, "coverage": 97.91319791319792}