{"branches": 89.23444976076556, "coverage": 97.5098480585256}