{"branches": 89.54041204437401, "coverage": 97.89175582127125}