{"branches": 89.49919224555735, "coverage": 97.84638234670061}