{"branches": 89.66666666666666, "coverage": 97.84219001610306}