{"branches": 86.96969696969697, "coverage": 96.50767987065481}