{"branches": 89.76833976833977, "coverage": 98.07231800766284}