{"branches": 90.12096774193549, "coverage": 97.98387096774194}