{"branches": 85.52437223042836, "coverage": 80.11968085106383}