{"branches": 87.89954337899543, "coverage": 97.50511247443762}