{"branches": 89.54041204437401, "coverage": 97.89241899968543}