{"branches": 90.0398406374502, "coverage": 97.9239619809905}