{"branches": 90.04524886877829, "coverage": 97.91666666666666}