{"branches": 90.79563182527302, "coverage": 97.83075821139875}