{"branches": 87.17948717948718, "coverage": 97.0984809694487}