{"branches": 90.16641452344932, "coverage": 97.98862251117431}