{"branches": 89.56661316211878, "coverage": 97.85162451053021}