{"branches": 89.87854251012146, "coverage": 97.9854854854855}