{"branches": 89.2018779342723, "coverage": 97.49083732731886}