{"branches": 90.40590405904058, "coverage": 97.8653913449201}