{"branches": 88.88888888888889, "coverage": 97.13634420857672}