{"branches": 89.68609865470853, "coverage": 97.91560752414846}