{"branches": 89.86486486486487, "coverage": 97.92586054721977}