{"branches": 90.2135231316726, "coverage": 97.91810443984357}