{"branches": 86.96969696969697, "coverage": 96.88759877439122}