{"branches": 90.44117647058823, "coverage": 97.90727251705398}