{"branches": 89.83050847457628, "coverage": 97.9185119574845}