{"branches": 89.62655601659752, "coverage": 97.88714248904921}