{"branches": 90.22140221402213, "coverage": 97.90266512166859}