{"branches": 90.04524886877829, "coverage": 97.92278852973959}