{"branches": 87.42138364779875, "coverage": 96.69585329588634}