{"branches": 88.91509433962264, "coverage": 97.3800330943188}