{"branches": 89.83050847457628, "coverage": 97.9122235941183}