{"branches": 90.0709219858156, "coverage": 97.87478460654796}