{"branches": 90.83728278041075, "coverage": 97.83448556323708}