{"branches": 89.76109215017065, "coverage": 97.90940766550523}