{"branches": 90.14084507042254, "coverage": 97.97235023041475}