{"branches": 89.76833976833977, "coverage": 98.07324078506461}