{"branches": 87.03703703703704, "coverage": 96.5034965034965}