{"branches": 87.34177215189874, "coverage": 97.3258388690172}