{"branches": 85.52437223042836, "coverage": 80.11302252139949}