{"branches": 88.91509433962264, "coverage": 97.59900648544225}