{"branches": 87.17948717948718, "coverage": 97.09699453551912}