{"branches": 89.30921052631578, "coverage": 97.83535935167413}