{"branches": 89.76833976833977, "coverage": 98.05414551607446}