{"branches": 87.5776397515528, "coverage": 96.65189561792221}