{"branches": 89.56953642384106, "coverage": 97.8508489146787}