{"branches": 89.04109589041096, "coverage": 97.94511288360145}