{"branches": 88.19095477386935, "coverage": 97.06224549156485}