{"branches": 87.5776397515528, "coverage": 96.6710182767624}