{"branches": 89.86486486486487, "coverage": 97.92402826855124}