{"branches": 89.68609865470853, "coverage": 97.913061182938}