{"branches": 87.5776397515528, "coverage": 96.66993143976494}