{"branches": 88.9908256880734, "coverage": 97.47690610781746}