{"branches": 88.3248730964467, "coverage": 96.72774869109948}