{"branches": 89.53488372093024, "coverage": 97.83900594273366}