{"branches": 87.5776397515528, "coverage": 96.67481662591688}