{"branches": 89.62655601659752, "coverage": 97.87509717543405}