{"branches": 88.86255924170617, "coverage": 97.38111647139903}