{"branches": 88.88888888888889, "coverage": 97.92122538293216}