{"branches": 89.49919224555735, "coverage": 97.84592529711375}