{"branches": 90.14336917562724, "coverage": 97.91690643342157}