{"branches": 87.89954337899543, "coverage": 97.50884835284509}