{"branches": 90.36144578313254, "coverage": 97.94580970384374}