{"branches": 90.25735294117648, "coverage": 97.90460754804353}