{"branches": 85.52437223042836, "coverage": 80.31036208910396}