{"branches": 88.86255924170617, "coverage": 97.43483657426562}