{"branches": 88.88888888888889, "coverage": 97.13430282292558}