{"branches": 90.89481946624804, "coverage": 97.83739671529123}