{"branches": 90.36363636363637, "coverage": 98.12069569277459}