{"branches": 87.5776397515528, "coverage": 96.65299425758819}