{"branches": 89.16967509025271, "coverage": 97.7564473227709}