{"branches": 89.2018779342723, "coverage": 97.50700280112045}