{"branches": 89.96212121212122, "coverage": 98.08515699333967}