{"branches": 90.0398406374502, "coverage": 97.91979949874687}