{"branches": 89.48220064724919, "coverage": 97.84546805349183}