{"branches": 89.41441441441441, "coverage": 97.96328554200724}