{"branches": 87.33333333333333, "coverage": 97.8085553997195}