{"branches": 89.79933110367892, "coverage": 97.9443115075049}