{"branches": 87.5776397515528, "coverage": 96.5315095261358}