{"branches": 90.04149377593362, "coverage": 97.92144861004846}