{"branches": 90.79563182527302, "coverage": 97.92178542178543}