{"branches": 87.5776397515528, "coverage": 96.71268902038133}