{"branches": 90.14084507042254, "coverage": 97.97297297297297}