{"branches": 90.20979020979021, "coverage": 97.89915966386555}