{"branches": 89.86486486486487, "coverage": 97.93383888339378}