{"branches": 89.62264150943396, "coverage": 97.51369574378424}