{"branches": 89.76833976833977, "coverage": 98.01324503311258}