{"branches": 89.62406015037594, "coverage": 97.89172039709344}