{"branches": 90.07220216606498, "coverage": 97.90751445086705}