{"branches": 89.62264150943396, "coverage": 97.54317001263513}