{"branches": 89.96415770609319, "coverage": 97.91381668946649}