{"branches": 87.42138364779875, "coverage": 96.5252854812398}