{"branches": 89.23444976076556, "coverage": 97.46905854540398}