{"branches": 89.83050847457628, "coverage": 97.91828147491972}