{"branches": 87.03703703703704, "coverage": 96.50463339294424}