{"branches": 88.3248730964467, "coverage": 97.04715733803437}