{"branches": 90.07874015748033, "coverage": 97.95876288659794}