{"branches": 89.04109589041096, "coverage": 97.48660898228265}