{"branches": 89.66666666666666, "coverage": 97.90104947526237}