{"branches": 90.40590405904058, "coverage": 97.932967417961}