{"branches": 90.04149377593362, "coverage": 97.92515274949083}