{"branches": 89.62406015037594, "coverage": 97.85166240409208}