{"branches": 89.79933110367892, "coverage": 97.94296909011754}