{"branches": 89.86486486486487, "coverage": 97.9311103774623}