{"branches": 90.08264462809917, "coverage": 97.92752701843611}