{"branches": 89.62264150943396, "coverage": 97.5428250491435}