{"branches": 89.2018779342723, "coverage": 97.49859471613266}