{"branches": 89.66666666666666, "coverage": 97.91222837665104}