{"branches": 94.95652173913044, "coverage": 96.11444893135034}