{"branches": 94.58259325044405, "coverage": 95.90940491463536}