{"branches": 94.78260869565217, "coverage": 96.01141002311513}