{"branches": 95.07908611599298, "coverage": 96.08007494699471}