{"branches": 95.05208333333334, "coverage": 96.09007064364206}