{"branches": 92.9541595925297, "coverage": 95.48484406169415}