{"branches": 95.0925925925926, "coverage": 95.99561162918266}