{"branches": 94.99121265377856, "coverage": 95.93011811023622}