{"branches": 94.08473221422862, "coverage": 96.14485423922898}