{"branches": 94.82439926062847, "coverage": 95.87962732300333}