{"branches": 95.16695957820738, "coverage": 96.09486711700606}