{"branches": 95.27972027972028, "coverage": 96.12846025022165}