{"branches": 94.95652173913044, "coverage": 96.10977229134903}