{"branches": 94.28801287208367, "coverage": 96.1503514896466}