{"branches": 95.07908611599298, "coverage": 96.01377952755905}