{"branches": 94.47322970639033, "coverage": 96.03155161432561}