{"branches": 95.04347826086956, "coverage": 96.07042738405548}