{"branches": 94.56896551724138, "coverage": 96.12937952632609}