{"branches": 95.35283993115318, "coverage": 96.50095696127987}