{"branches": 94.61400359066428, "coverage": 95.96430342092216}