{"branches": 95.04347826086956, "coverage": 96.1439968482222}