{"branches": 94.6245733788396, "coverage": 96.03496264466038}