{"branches": 95.16695957820738, "coverage": 96.04062916029783}