{"branches": 95.05494505494505, "coverage": 96.01987577639751}