{"branches": 95.15845070422534, "coverage": 96.02658788774004}