{"branches": 94.8581560283688, "coverage": 95.90406632451638}