{"branches": 94.40447641886492, "coverage": 96.28321961925664}