{"branches": 94.31545236188951, "coverage": 96.15679142337513}