{"branches": 95.00924214417745, "coverage": 95.99840534210395}