{"branches": 94.87847222222221, "coverage": 96.03405009102987}