{"branches": 94.9468085106383, "coverage": 95.91887090406632}