{"branches": 95.15845070422534, "coverage": 96.0275658380507}