{"branches": 94.70377019748653, "coverage": 95.97917699553793}