{"branches": 95.04347826086956, "coverage": 96.13188976377953}