{"branches": 95.1923076923077, "coverage": 96.11368338094769}