{"branches": 95.11970534069981, "coverage": 96.01710506687883}