{"branches": 92.10526315789474, "coverage": 97.16621253405995}