{"branches": 95.69707401032701, "coverage": 96.64327427982529}