{"branches": 94.7952218430034, "coverage": 96.13262366326481}