{"branches": 94.52423698384202, "coverage": 95.89700337368525}