{"branches": 94.99121265377856, "coverage": 95.99625265026378}