{"branches": 94.39655172413794, "coverage": 96.01683303973381}