{"branches": 95.18388791593695, "coverage": 96.1015948021264}