{"branches": 95.02762430939227, "coverage": 95.93257421311719}