{"branches": 94.56896551724138, "coverage": 96.11469954981405}