{"branches": 95.1067615658363, "coverage": 96.00395159298593}