{"branches": 94.96336996336996, "coverage": 95.93540372670807}