{"branches": 95.1048951048951, "coverage": 96.08412964239976}