{"branches": 95.5249569707401, "coverage": 96.59910683613879}