{"branches": 95.1923076923077, "coverage": 96.0447246576692}