{"branches": 94.6086956521739, "coverage": 96.02577344941223}