{"branches": 94.23538831064852, "coverage": 96.14243323442136}