{"branches": 94.95575221238937, "coverage": 95.9206826813989}