{"branches": 94.79166666666666, "coverage": 96.01928849087241}