{"branches": 94.85981308411215, "coverage": 95.87515605493134}