{"branches": 95.04424778761062, "coverage": 96.00453805554186}