{"branches": 94.52423698384202, "coverage": 95.88001983143282}