{"branches": 94.84346224677716, "coverage": 95.88249937764502}