{"branches": 94.96527777777779, "coverage": 96.11769915858879}