{"branches": 95.61101549053356, "coverage": 96.62855179859645}