{"branches": 91.66666666666666, "coverage": 97.47572815533981}