{"branches": 95.04672897196261, "coverage": 95.976236832909}