{"branches": 95.12411347517731, "coverage": 96.01756810106593}