{"branches": 94.9074074074074, "coverage": 95.89751258661083}