{"branches": 94.96527777777779, "coverage": 96.0691823899371}