{"branches": 95.2548330404218, "coverage": 96.05807086614173}