{"branches": 95.27777777777777, "coverage": 96.02553233930085}