{"branches": 95.61101549053356, "coverage": 96.61382931736762}