{"branches": 94.7952218430034, "coverage": 96.14727281605548}