{"branches": 94.32454036770584, "coverage": 96.25459229925092}