{"branches": 95.02762430939227, "coverage": 95.98727064790413}