{"branches": 94.52936444086887, "coverage": 96.26034144708527}