{"branches": 94.78260869565217, "coverage": 96.11430819930156}