{"branches": 94.84346224677716, "coverage": 95.88782258465517}