{"branches": 94.96527777777779, "coverage": 96.06357329134478}