{"branches": 94.93783303730018, "coverage": 95.90980856522597}