{"branches": 94.93006993006993, "coverage": 95.98561718057334}