{"branches": 93.19727891156462, "coverage": 95.58150851581509}