{"branches": 95.15845070422534, "coverage": 95.97322043910603}