{"branches": 94.24460431654677, "coverage": 96.18779521923756}