{"branches": 95.12411347517731, "coverage": 95.95241621007948}