{"branches": 94.7513812154696, "coverage": 95.87208434873428}