{"branches": 94.44891391794047, "coverage": 96.19339103820955}