{"branches": 95.07908611599298, "coverage": 95.95964566929133}