{"branches": 95.02762430939227, "coverage": 95.98207617625093}