{"branches": 94.86956521739131, "coverage": 96.03346456692914}