{"branches": 94.53924914675767, "coverage": 96.02031349186973}