{"branches": 94.93554327808471, "coverage": 95.96713965646005}