{"branches": 95.16695957820738, "coverage": 95.9744094488189}