{"branches": 94.95327102803738, "coverage": 95.89013732833958}