{"branches": 94.7098976109215, "coverage": 96.11797451047414}