{"branches": 94.3103448275862, "coverage": 96.00215306322177}