{"branches": 95.18518518518519, "coverage": 95.9964102308421}