{"branches": 94.98239436619718, "coverage": 95.92811422944362}