{"branches": 94.70377019748653, "coverage": 95.92464055528012}