{"branches": 92.71186440677967, "coverage": 95.44238533002579}