{"branches": 95.09632224168126, "coverage": 96.08682811577081}