{"branches": 91.66666666666666, "coverage": 97.43589743589743}