{"branches": 95.15845070422534, "coverage": 96.02639223989364}