{"branches": 94.44891391794047, "coverage": 96.24599493089761}