{"branches": 95.11545293072824, "coverage": 96.00848628379713}