{"branches": 92.86926994906621, "coverage": 95.47024765241085}