{"branches": 93.00341296928327, "coverage": 95.47829483861517}