{"branches": 94.90333919156416, "coverage": 95.91535433070865}