{"branches": 94.86956521739131, "coverage": 96.02616436335022}