{"branches": 95.16695957820738, "coverage": 96.04330708661418}