{"branches": 94.93006993006993, "coverage": 95.99035717799862}