{"branches": 95.02762430939227, "coverage": 95.92730893701767}