{"branches": 94.44444444444444, "coverage": 97.86407766990291}