{"branches": 95.43889845094664, "coverage": 96.51567944250871}