{"branches": 93.0390492359932, "coverage": 95.56755704763295}