{"branches": 95.1304347826087, "coverage": 96.15877080665814}