{"branches": 95.13274336283186, "coverage": 96.01933606274355}