{"branches": 95.1048951048951, "coverage": 96.02994778839523}