{"branches": 94.93554327808471, "coverage": 95.97235343841679}