{"branches": 94.58259325044405, "coverage": 95.90900118436636}