{"branches": 95.16695957820738, "coverage": 96.10965928701741}