{"branches": 94.78021978021978, "coverage": 95.89068322981366}