{"branches": 94.87847222222221, "coverage": 96.04261796042618}