{"branches": 94.36846339501207, "coverage": 96.16374380480366}