{"branches": 92.06349206349206, "coverage": 97.10225689607132}