{"branches": 94.24460431654677, "coverage": 96.24027863924806}