{"branches": 91.66666666666666, "coverage": 97.4155069582505}