{"branches": 95.14018691588785, "coverage": 95.9900124843945}