{"branches": 88.88888888888889, "coverage": 96.42147117296223}