{"branches": 95.13274336283186, "coverage": 95.96507670300399}