{"branches": 95.00875656742556, "coverage": 96.00315022642253}