{"branches": 98.24561403508771, "coverage": 95.60643564356435}