{"branches": 95.2548330404218, "coverage": 96.12445145702875}