{"branches": 95.1923076923077, "coverage": 96.1035127423005}