{"branches": 94.78260869565217, "coverage": 96.0159558751108}