{"branches": 94.7952218430034, "coverage": 96.07891010303237}