{"branches": 95.1923076923077, "coverage": 96.10466260082629}