{"branches": 94.16466826538769, "coverage": 96.15916789923183}