{"branches": 95.1304347826087, "coverage": 96.16141732283464}