{"branches": 95.1304347826087, "coverage": 96.1540353120543}