{"branches": 95.0925925925926, "coverage": 95.94237575395044}