{"branches": 95.14018691588785, "coverage": 95.99121361889071}