{"branches": 95.12411347517731, "coverage": 95.96328464271615}