{"branches": 94.95652173913044, "coverage": 96.05567304382039}