{"branches": 94.98239436619718, "coverage": 95.9289160185094}