{"branches": 94.32454036770584, "coverage": 96.20210887924043}