{"branches": 94.48275862068965, "coverage": 96.04619299275787}