{"branches": 94.88054607508532, "coverage": 96.16192196884613}