{"branches": 94.78260869565217, "coverage": 96.01870078740158}