{"branches": 95.16695957820738, "coverage": 96.02854330708661}