{"branches": 95.18388791593695, "coverage": 96.04745028548926}