{"branches": 95.14018691588785, "coverage": 96.00619040487246}