{"branches": 95.01748251748252, "coverage": 96.0003940498473}