{"branches": 94.44891391794047, "coverage": 96.24982039369702}