{"branches": 94.56896551724138, "coverage": 96.06087296926992}