{"branches": 95.04347826086956, "coverage": 96.12452663158413}