{"branches": 94.95652173913044, "coverage": 96.11712598425197}