{"branches": 95.76271186440678, "coverage": 95.78820697954272}