{"branches": 94.90333919156416, "coverage": 95.98146048025245}