{"branches": 95.27145359019265, "coverage": 96.13112817483757}