{"branches": 94.7098976109215, "coverage": 96.0642609502417}