{"branches": 94.96336996336996, "coverage": 95.99006211180125}