{"branches": 94.48275862068965, "coverage": 96.10001957330202}