{"branches": 94.85981308411215, "coverage": 95.8763915930308}