{"branches": 93.08873720136519, "coverage": 95.49294399140584}