{"branches": 94.43447037701975, "coverage": 95.86514625681706}