{"branches": 95.1923076923077, "coverage": 96.09890651167373}