{"branches": 91.98473282442748, "coverage": 97.15924610762087}