{"branches": 95.04347826086956, "coverage": 96.14665354330708}