{"branches": 95.04347826086956, "coverage": 96.1392809718192}